chunk_id,text,resolved_text,unresolved_mentions
r00027::c0000,5 Kubernetes technology vendors hot right now. Kubernetes is a technology that has created a whole new ecosystem around itself and it is now a key plank in the DevOps movement when it comes to developing new applications and services and improving business operations Antony Savvas attended the recent ...,5 Kubernetes technology vendors hot right now. Kubernetes is a technology that has created a whole new ecosystem around itself and Kubernetes is now a key plank in the DevOps movement when it comes to developing new applications and services and improving business operations Antony Savvas attended the recent ...,[]
r00043::c0000,Samsung Showcases Groundbreaking Logic Innovations at System LSI Tech Day 2023. Samsung Electronics Co. Ltd. a world leader in advanced semiconductor technology today unveiled its latest innovations in analog and logic semiconductor technologies and outlined its blueprint for upcoming technological advancements at its inaugural ...,Samsung Showcases Groundbreaking Logic Innovations at System LSI Tech Day 2023. Samsung Electronics Co. Ltd. a world leader in advanced semiconductor technology today unveiled Samsung Electronics Co. Ltd.'s latest innovations in analog and logic semiconductor technologies and outlined Samsung Electronics Co. Ltd.'s blueprint for upcoming technological advancements at Samsung Electronics Co. Ltd.'s inaugural ...,[]
r00048::c0000,How low-code technology empowered ServiceNow’s finance team. By utilizing our own platform and all the technology available to us ... out to all relevant authorities to gather respective deadlines and specific obligations. Information was then put in a spreadsheet and manually updated when complete.,How low-code technology empowered ServiceNow’s finance team. By utilizing ServiceNow’s own platform and all the technology available to ServiceNow ... out to all relevant authorities to gather respective deadlines and specific obligations. Information was then put in a spreadsheet and manually updated when complete.,[]
r00058::c0000,Iridium and Smithsonian's Movement of Life Initiative Team Up to Help Protect Endangered and Threatened Species. Iridium Communications Inc. (Nasdaq: IRDM) announced it has created a first-of-its-kind program in support of the Smithsonian Institution''s Movement of Life Initiative which advances conservation through the science of animal tracking.,Iridium and Smithsonian's Movement of Life Initiative Team Up to Help Protect Endangered and Threatened Species. Iridium Communications Inc. (Nasdaq: IRDM) announced Iridium Communications Inc. has created a first-of-its-kind program in support of the Smithsonian Institution's Movement of Life Initiative which advances conservation through the science of animal tracking.,[]
r00077::c0000,Revolut to stop crypto services for U.S. customers. LONDON Aug 4 (Reuters) - British fintech Revolut will stop allowing U.S. customers to access cryptocurrencies the company said in a statement on Friday citing the regulatory environment and ...,Revolut to stop crypto services for U.S. customers. LONDON Aug 4 (Reuters) - British fintech Revolut will stop allowing U.S. customers to access cryptocurrencies Revolut said in a statement on Friday citing the regulatory environment and ...,[]
r00131::c0000,Stericycle Chief Financial Officer and Chief Information Officer Janet Zelenka Wins 2023 Bronze Stevie® Award for Technology Executive of the Year. Zelenka executive vice president chief financial officer and chief information officer has won the 2023 Bronze Stevie ® Award for Technology ... business-to-business services company and ...,Stericycle Chief Financial Officer and Chief Information Officer Janet Zelenka Wins 2023 Bronze Stevie® Award for Technology Executive of the Year. Janet Zelenka executive vice president chief financial officer and chief information officer has won the 2023 Bronze Stevie ® Award for Technology ... business-to-business services company and ...,[]
r00151::c0000,Eseye named as a Visionary by Gartner® in the 2023 Magic Quadrant™ for Managed IoT Connectivity Services Worldwide. Eseye a pioneer of integrated cellular IoT connectivity solutions today announced that it has been positioned by Gartner® as a Visionary in the 2023 Magic Quadrant™ for Managed IoT Connectivity Services Worldwide for its advanced offering.,Eseye named as a Visionary by Gartner® in the 2023 Magic Quadrant™ for Managed IoT Connectivity Services Worldwide. Eseye a pioneer of integrated cellular IoT connectivity solutions today announced that Eseye has been positioned by Gartner® as a Visionary in the 2023 Magic Quadrant™ for Managed IoT Connectivity Services Worldwide for its advanced offering.,[]
r00161::c0000,Synopsys TSMC team up to help clients accelerate 2nm chips designs. EDA specialist Synopsys has recently announced its collaboration with TSMC to deliver digital and custom design EDA flows on the foundry''s most advanced N2 (2nm) process aiming to meet stringent design targets on next-generation system-on-chips (SoCs).,Synopsys TSMC team up to help clients accelerate 2nm chips designs. EDA specialist Synopsys has recently announced its collaboration with TSMC to deliver digital and custom design EDA flows on the foundry's most advanced N2 (2nm) process aiming to meet stringent design targets on next-generation system-on-chips (SoCs).,[]
r00192::c0000,Systems Solution Inc. Opens New Company Headquarters and Depot Services in Wayne PA.. Systems Solution Inc. (SSI) a leading provider of IT solutions and consulting for business today announced that they are opening their new office in Wayne PA. After almost three decades in their King of Prussia headquarters,Systems Solution Inc. Opens New Company Headquarters and Depot Services in Wayne PA.. Systems Solution Inc. (SSI) a leading provider of IT solutions and consulting for business today announced that Systems Solution Inc. (SSI) are opening their new office in Wayne PA. After almost three decades in their King of Prussia headquarters,[]
r00197::c0000,"Data Innovations Announces New Generation of Lab Productivity Software with Instrument Manager™ 2023. Signifying a change in the company''s product development approach DI is calling the shift '""ReIMagination.'"" The first app to be developed within the DI Gateway framework part of IM 2023 is called Test Properties. Moving forward all new DI lab automation and productivity web apps will be developed within this framework.","Data Innovations Announces New Generation of Lab Productivity Software with Instrument Manager™ 2023. Signifying a change in the company's product development approach DI is calling the shift '""ReIMagination.'"" The first app to be developed within the DI Gateway framework part of IM 2023 is called Test Properties. Moving forward all new DI lab automation and productivity web apps will be developed within this framework.",[]
r00208::c0000,Culture Biosciences Focuses Technology and Service Platform on Biologics. Lack of innovation in upstream bioprocess development plays an important role. Going forward we will focus our know-how technology and services to tackle this problem to help accelerate the development of scalable optimized manufacturing processes for t ...,Culture Biosciences Focuses Technology and Service Platform on Biologics. Lack of innovation in upstream bioprocess development plays an important role. Going forward Culture Biosciences will focus its know-how technology and services to tackle this problem to help accelerate the development of scalable optimized manufacturing processes for t ...,[]
r00269::c0000,Wilmington startup raises millions to grow its Web3 platform. A web3 company founded by a team of former nCino (Nasdaq: NCNO) technologists has raised $3.8 million. Nathan Snell co-founder and CEO of Wilmington-based Raleon said the six-person team will be hiring as it builds out its platform. The success of the ...,Wilmington startup raises millions to grow its Web3 platform. A web3 company founded by a team of former nCino (Nasdaq: NCNO) technologists has raised $3.8 million. Nathan Snell co-founder and CEO of Wilmington-based Raleon said the six-person team will be hiring as the six-person team builds out its platform. The success of the ...,[]
r00281::c0000,Community equipment assistive technology and adaptation services. Within the council we are supporting people to find out more about telecare and assistive technology and have access to the information they need to purchase telecare services and equipment that meets their needs by: bringing them into the mainstream ...,Community equipment assistive technology and adaptation services. Within the council we are supporting people to find out more about telecare and assistive technology and have access to the information people need to purchase telecare services and equipment that meets their needs by: bringing them into the mainstream ...,[]
r00291::c0000,The Impact Of Technology On Medical Billing Services. Let’s discuss the impact of technology on medical billing services. As more and more ... medical providers require a significant amount of information and backend support. Medical billing ...,The Impact Of Technology On Medical Billing Services. Let’s discuss the impact of technology on medical billing services. As more and more medical providers require a significant amount of information and backend support. Medical billing ...,[]
r00296::c0000,Technology: The cornerstone of financial services reform. The financial services industry of today relies heavily on technology. It not only serves as the foundation for traditional operations but also paves the way for the creation of innovative ...,Technology: The cornerstone of financial services reform. The financial services industry of today relies heavily on technology. The technology not only serves as the foundation for traditional operations but also paves the way for the creation of innovative ...,[]
r00383::c0000,10 Biggest Technology Companies. They create design and manufacture computers mobile devices and home appliances and provide products and services related to information technology. Below we look at the 10 biggest companies ...,10 Biggest Technology Companies. The companies create design and manufacture computers mobile devices and home appliances and provide products and services related to information technology. Below we look at the 10 biggest companies ...,[]
r00395::c0000,SDC23: Samsung and Aqara Partners to Demonstrate Presence Sensor FP2 on SmartThings Platform. The FP2 Presence Sensor is Aqara''s latest occupancy sensor with precise human presence detection and the smart home manufacturer has been working with Samsung to add the SmartThings compatibility to the sensor,SDC23: Samsung and Aqara Partners to Demonstrate Presence Sensor FP2 on SmartThings Platform. The FP2 Presence Sensor is Aqara's latest occupancy sensor with precise human presence detection and the smart home manufacturer has been working with Samsung to add the SmartThings compatibility to the sensor.,[]
r00469::c0000,"Ryan Specialty Signs Definitive Agreement To Acquire Socius Insurance. Ryan Specialty (NYSE:RYAN) a leading international specialty insurance firm is pleased to announce that it has signed a definitive agreement to acquire Socius Insurance Services ('""Socius'"") a nation","Ryan Specialty Signs Definitive Agreement To Acquire Socius Insurance. Ryan Specialty (NYSE:RYAN) a leading international specialty insurance firm is pleased to announce that Ryan Specialty has signed a definitive agreement to acquire Socius Insurance Services ('""Socius'"") a nation",[]
r00472::c0000,Samsung unveils OLED display with embedded heart rate sensor. It is a separate module attached under the display panel. These solutions can only detect fingerprints within a designated area which is typically directly above them. Samsung’s Sensor OLED Display comes with an embedded light-sensing organic photodiode (OPD) to address these limitations and take things up a notch.,Samsung unveils OLED display with embedded heart rate sensor. Samsung's OLED display is a separate module attached under the display panel. These solutions can only detect fingerprints within a designated area which is typically directly above the display. Samsung’s Sensor OLED Display comes with an embedded light-sensing organic photodiode (OPD) to address these limitations and take things up a notch.,[]
r00481::c0000,Gaming Network Oasys Onboards Japan Conglomerate SoftBank as Network Validator. Japanese conglomerate SoftBank will become an official network validator on Oasys and will explore further collaborations with the gaming blockchain including the development of blockchain-based services,Gaming Network Oasys Onboards Japan Conglomerate SoftBank as Network Validator. Japanese conglomerate SoftBank will become an official network validator on Oasys and will explore further collaborations with the gaming blockchain including the development of blockchain-based services.,[]
